{
  "timestamp": "2025-09-29T21:31:29.599Z",
  "budget_ms": 600,
  "p50_ms": 8.120249999999942,
  "p95_ms": 35.3192080000008,
  "p99_ms": 91.98708400000032,
  "over_budget": false,
  "probe_exit_code": 0,
  "error_name": null,
  "error_message": null
}
